<?xml version="1.0" encoding="UTF-8"?>
    <addon id="repository.wsrepo" name="WS Repo" version="0.1.0" provider-name="WZS">
        <requires>
            <import addon="xbmc.addon" version="12.0.0"/>
        </requires>
        <extension point="xbmc.addon.repository" name="WS Repo">
            <info compressed="false">https://github.com/welwel2/wsrepo/tree/master/_repo/?raw=true_repo/addons.xml</info>
            <checksum>https://github.com/welwel2/wsrepo/tree/master/_repo/?raw=true_repo/addons.xml.md5</checksum>
            <datadir zip="true">https://github.com/welwel2/wsrepo/tree/master/_repo/?raw=true_repo/</datadir>
            <hashes>false</hashes>
        </extension>
        <extension point="xbmc.addon.metadata">
            <summary>This repo contains all the latest WS addons</summary>
            <description>WS addons are proven high quality addon[CR] Enjoy.</description>
            <platform>all</platform>
    </extension>
</addon>