<?xml version="1.0" encoding="UTF-8" standalone="yes"?>
<addon id="plugin.video.wslivestream" name="wsLivestream" version="2017.5.24" provider-name="WZS">
  <requires>
   <import addon="xbmc.python" version="2.19.0"/>      
  </requires>
  <extension point="xbmc.python.pluginsource" library="main.py">
        <provides>video</provides>
  </extension>  
  <extension point="xbmc.addon.metadata">    
    <platform>all</platform>
    <summary lang="en">Livestream.com Live Streams Only without clutter, and the extra clicking!</summary>
    <description lang="en">Livestream live streams only provided by WZS based on plugin.video.livestream but without extra clicking.</description>
    <language>en</language>
    <platform>all</platform>
    <license>GNU GENERAL PUBLIC LICENSE. Version 2, June 1991</license>
    <forum>http://forum.kodi.tv/showthread.php?tid=230355</forum>
    <website>https://livestream.com/</website>
    <source>https://github.com/eracknaphobia/plugin.video.livestream</source>
  </extension>
</addon>
